60,pod-1-6d8fbc49f7,ppgcc-m02,ppgcc-m04
60,pod-11-79cf485c8b,ppgcc-m05,ppgcc-m04
60,pod-12-575b584d85,ppgcc-m03,ppgcc-m04
180,pod-1-6d8fbc49f7,ppgcc-m04,ppgcc-m02
180,pod-2-58554fbdc8,ppgcc-m05,ppgcc-m02
180,pod-4-587fdb6f76,ppgcc-m05,ppgcc-m03
180,pod-6-5c65474b6,ppgcc-m04,ppgcc-m03
240,pod-4-587fdb6f76,ppgcc-m03,ppgcc-m05
240,pod-5-78fd9cdc45,ppgcc-m04,ppgcc-m05
360,pod-2-58554fbdc8,ppgcc-m02,ppgcc-m04
360,pod-3-76fcc67999,ppgcc-m03,ppgcc-m04
360,pod-4-587fdb6f76,ppgcc-m05,ppgcc-m04
600,pod-2-58554fbdc8,ppgcc-m04,ppgcc-m03
