60,pod-01-f48659989,ppgcc-m05,ppgcc-m03
60,pod-03-76bb9ddd9f,ppgcc-m02,ppgcc-m03
60,pod-04-5544fdc656,ppgcc-m04,ppgcc-m03
60,pod-05-69684b4897,ppgcc-m05,ppgcc-m03
60,pod-07-6b7b4f8755,ppgcc-m02,ppgcc-m03
60,pod-08-775946c9b4,ppgcc-m04,ppgcc-m02
60,pod-10-86777b7bf5,ppgcc-m05,ppgcc-m02
60,pod-13-59487b4476,ppgcc-m02,ppgcc-m05
60,pod-14-6b8654999f,ppgcc-m03,ppgcc-m04
60,pod-15-546b745c9d,ppgcc-m05,ppgcc-m02
60,pod-16-768d5fc8b5,ppgcc-m04,ppgcc-m03
60,pod-17-77d498555b,ppgcc-m03,ppgcc-m04
60,pod-18-6488b869b7,ppgcc-m04,ppgcc-m05
60,pod-19-5d4b5f6454,ppgcc-m05,ppgcc-m03
60,pod-20-7d6ddbcbc4,ppgcc-m02,ppgcc-m05
120,pod-01-f48659989,ppgcc-m03,ppgcc-m02
120,pod-02-b6f4d4b54,ppgcc-m03,ppgcc-m02
120,pod-04-5544fdc656,ppgcc-m03,ppgcc-m05
120,pod-05-69684b4897,ppgcc-m03,ppgcc-m04
120,pod-06-69db74c8c4,ppgcc-m03,ppgcc-m04
120,pod-07-6b7b4f8755,ppgcc-m03,ppgcc-m05
120,pod-08-775946c9b4,ppgcc-m02,ppgcc-m03
120,pod-13-59487b4476,ppgcc-m05,ppgcc-m04
120,pod-14-6b8654999f,ppgcc-m04,ppgcc-m05
120,pod-17-77d498555b,ppgcc-m04,ppgcc-m03
120,pod-18-6488b869b7,ppgcc-m05,ppgcc-m04
120,pod-19-5d4b5f6454,ppgcc-m03,ppgcc-m05
180,pod-01-f48659989,ppgcc-m02,ppgcc-m03
180,pod-03-76bb9ddd9f,ppgcc-m03,ppgcc-m04
180,pod-06-69db74c8c4,ppgcc-m04,ppgcc-m02
180,pod-08-775946c9b4,ppgcc-m03,ppgcc-m02
180,pod-10-86777b7bf5,ppgcc-m02,ppgcc-m03
180,pod-11-79cf485c8b,ppgcc-m04,ppgcc-m03
180,pod-12-575b584d85,ppgcc-m02,ppgcc-m05
180,pod-13-59487b4476,ppgcc-m04,ppgcc-m03
180,pod-14-6b8654999f,ppgcc-m05,ppgcc-m04
180,pod-16-768d5fc8b5,ppgcc-m03,ppgcc-m04
180,pod-17-77d498555b,ppgcc-m03,ppgcc-m04
180,pod-18-6488b869b7,ppgcc-m04,ppgcc-m05
180,pod-20-7d6ddbcbc4,ppgcc-m05,ppgcc-m02
240,pod-01-f48659989,ppgcc-m03,ppgcc-m05
240,pod-03-76bb9ddd9f,ppgcc-m04,ppgcc-m05
240,pod-04-5544fdc656,ppgcc-m05,ppgcc-m02
240,pod-05-69684b4897,ppgcc-m04,ppgcc-m02
240,pod-06-69db74c8c4,ppgcc-m02,ppgcc-m04
240,pod-07-6b7b4f8755,ppgcc-m05,ppgcc-m04
240,pod-09-78bb4d6f6f,ppgcc-m03,ppgcc-m02
240,pod-10-86777b7bf5,ppgcc-m03,ppgcc-m05
240,pod-11-79cf485c8b,ppgcc-m03,ppgcc-m04
240,pod-12-575b584d85,ppgcc-m05,ppgcc-m02
240,pod-14-6b8654999f,ppgcc-m04,ppgcc-m05
240,pod-15-546b745c9d,ppgcc-m02,ppgcc-m04
240,pod-16-768d5fc8b5,ppgcc-m04,ppgcc-m05
240,pod-17-77d498555b,ppgcc-m04,ppgcc-m02
240,pod-18-6488b869b7,ppgcc-m05,ppgcc-m03
240,pod-19-5d4b5f6454,ppgcc-m05,ppgcc-m04
240,pod-20-7d6ddbcbc4,ppgcc-m02,ppgcc-m03
300,pod-01-f48659989,ppgcc-m05,ppgcc-m03
300,pod-02-b6f4d4b54,ppgcc-m02,ppgcc-m03
300,pod-03-76bb9ddd9f,ppgcc-m05,ppgcc-m03
300,pod-05-69684b4897,ppgcc-m02,ppgcc-m05
300,pod-06-69db74c8c4,ppgcc-m04,ppgcc-m05
300,pod-07-6b7b4f8755,ppgcc-m04,ppgcc-m05
300,pod-08-775946c9b4,ppgcc-m02,ppgcc-m05
300,pod-09-78bb4d6f6f,ppgcc-m02,ppgcc-m05
300,pod-10-86777b7bf5,ppgcc-m05,ppgcc-m03
300,pod-11-79cf485c8b,ppgcc-m04,ppgcc-m02
300,pod-12-575b584d85,ppgcc-m02,ppgcc-m05
300,pod-13-59487b4476,ppgcc-m03,ppgcc-m02
300,pod-15-546b745c9d,ppgcc-m04,ppgcc-m03
300,pod-16-768d5fc8b5,ppgcc-m05,ppgcc-m03
300,pod-17-77d498555b,ppgcc-m02,ppgcc-m04
300,pod-18-6488b869b7,ppgcc-m03,ppgcc-m04
300,pod-20-7d6ddbcbc4,ppgcc-m03,ppgcc-m02
360,pod-02-b6f4d4b54,ppgcc-m03,ppgcc-m04
360,pod-03-76bb9ddd9f,ppgcc-m03,ppgcc-m05
360,pod-04-5544fdc656,ppgcc-m02,ppgcc-m04
360,pod-05-69684b4897,ppgcc-m05,ppgcc-m04
360,pod-06-69db74c8c4,ppgcc-m05,ppgcc-m04
360,pod-08-775946c9b4,ppgcc-m05,ppgcc-m04
360,pod-09-78bb4d6f6f,ppgcc-m05,ppgcc-m04
360,pod-10-86777b7bf5,ppgcc-m03,ppgcc-m05
360,pod-12-575b584d85,ppgcc-m05,ppgcc-m03
360,pod-13-59487b4476,ppgcc-m02,ppgcc-m05
360,pod-14-6b8654999f,ppgcc-m05,ppgcc-m04
360,pod-15-546b745c9d,ppgcc-m03,ppgcc-m02
360,pod-16-768d5fc8b5,ppgcc-m03,ppgcc-m04
360,pod-17-77d498555b,ppgcc-m04,ppgcc-m03
360,pod-18-6488b869b7,ppgcc-m04,ppgcc-m05
360,pod-19-5d4b5f6454,ppgcc-m04,ppgcc-m03
420,pod-03-76bb9ddd9f,ppgcc-m05,ppgcc-m04
420,pod-04-5544fdc656,ppgcc-m04,ppgcc-m02
420,pod-06-69db74c8c4,ppgcc-m04,ppgcc-m03
420,pod-07-6b7b4f8755,ppgcc-m05,ppgcc-m04
420,pod-08-775946c9b4,ppgcc-m04,ppgcc-m03
420,pod-09-78bb4d6f6f,ppgcc-m04,ppgcc-m03
420,pod-10-86777b7bf5,ppgcc-m05,ppgcc-m04
420,pod-13-59487b4476,ppgcc-m05,ppgcc-m04
420,pod-14-6b8654999f,ppgcc-m04,ppgcc-m05
420,pod-19-5d4b5f6454,ppgcc-m03,ppgcc-m02
420,pod-20-7d6ddbcbc4,ppgcc-m02,ppgcc-m05
480,pod-01-f48659989,ppgcc-m03,ppgcc-m05
480,pod-02-b6f4d4b54,ppgcc-m04,ppgcc-m05
480,pod-04-5544fdc656,ppgcc-m02,ppgcc-m05
480,pod-05-69684b4897,ppgcc-m04,ppgcc-m05
480,pod-07-6b7b4f8755,ppgcc-m04,ppgcc-m03
480,pod-08-775946c9b4,ppgcc-m03,ppgcc-m04
480,pod-09-78bb4d6f6f,ppgcc-m03,ppgcc-m04
480,pod-10-86777b7bf5,ppgcc-m04,ppgcc-m03
480,pod-11-79cf485c8b,ppgcc-m02,ppgcc-m05
480,pod-12-575b584d85,ppgcc-m03,ppgcc-m04
480,pod-13-59487b4476,ppgcc-m04,ppgcc-m02
480,pod-15-546b745c9d,ppgcc-m02,ppgcc-m04
480,pod-16-768d5fc8b5,ppgcc-m04,ppgcc-m02
480,pod-19-5d4b5f6454,ppgcc-m02,ppgcc-m03
480,pod-20-7d6ddbcbc4,ppgcc-m05,ppgcc-m02
540,pod-02-b6f4d4b54,ppgcc-m05,ppgcc-m03
540,pod-03-76bb9ddd9f,ppgcc-m04,ppgcc-m02
540,pod-04-5544fdc656,ppgcc-m05,ppgcc-m03
540,pod-05-69684b4897,ppgcc-m05,ppgcc-m04
540,pod-06-69db74c8c4,ppgcc-m03,ppgcc-m02
540,pod-07-6b7b4f8755,ppgcc-m03,ppgcc-m05
540,pod-08-775946c9b4,ppgcc-m04,ppgcc-m05
540,pod-09-78bb4d6f6f,ppgcc-m04,ppgcc-m05
540,pod-10-86777b7bf5,ppgcc-m03,ppgcc-m04
540,pod-11-79cf485c8b,ppgcc-m05,ppgcc-m02
540,pod-12-575b584d85,ppgcc-m04,ppgcc-m02
540,pod-13-59487b4476,ppgcc-m02,ppgcc-m04
540,pod-15-546b745c9d,ppgcc-m04,ppgcc-m02
540,pod-16-768d5fc8b5,ppgcc-m02,ppgcc-m03
540,pod-17-77d498555b,ppgcc-m03,ppgcc-m04
540,pod-20-7d6ddbcbc4,ppgcc-m02,ppgcc-m03
600,pod-01-f48659989,ppgcc-m05,ppgcc-m04
600,pod-02-b6f4d4b54,ppgcc-m03,ppgcc-m02
600,pod-03-76bb9ddd9f,ppgcc-m02,ppgcc-m04
600,pod-04-5544fdc656,ppgcc-m03,ppgcc-m02
600,pod-05-69684b4897,ppgcc-m04,ppgcc-m03
600,pod-06-69db74c8c4,ppgcc-m02,ppgcc-m03
600,pod-07-6b7b4f8755,ppgcc-m05,ppgcc-m04
600,pod-08-775946c9b4,ppgcc-m05,ppgcc-m02
600,pod-09-78bb4d6f6f,ppgcc-m05,ppgcc-m03
600,pod-13-59487b4476,ppgcc-m04,ppgcc-m03
600,pod-14-6b8654999f,ppgcc-m05,ppgcc-m04
600,pod-15-546b745c9d,ppgcc-m02,ppgcc-m03
600,pod-16-768d5fc8b5,ppgcc-m03,ppgcc-m02
600,pod-17-77d498555b,ppgcc-m04,ppgcc-m05
600,pod-19-5d4b5f6454,ppgcc-m03,ppgcc-m04
600,pod-20-7d6ddbcbc4,ppgcc-m03,ppgcc-m05
