120,pod-24-566cc4c7c4,ppgcc-m04,ppgcc-m05
180,pod-23-7d5db66f69,ppgcc-m02,ppgcc-m04
180,pod-37-f75cf5874,ppgcc-m03,ppgcc-m05
240,pod-24-566cc4c7c4,ppgcc-m05,ppgcc-m03
300,pod-35-6b7dd49cb8,ppgcc-m05,ppgcc-m03
300,pod-39-74c48484d4,ppgcc-m05,ppgcc-m02
360,pod-19-5d4b5f6454,ppgcc-m05,ppgcc-m03
360,pod-21-7c598774c5,ppgcc-m05,ppgcc-m02
420,pod-34-699f54c4bf,ppgcc-m03,ppgcc-m05
480,pod-29-77b6cdfd59,ppgcc-m03,ppgcc-m05
540,pod-26-7bf464d5d8,ppgcc-m03,ppgcc-m05
540,pod-38-5c745fd4c7,ppgcc-m04,ppgcc-m03
600,pod-39-74c48484d4,ppgcc-m02,ppgcc-m03
