60,pod-01-5ddf9c6845,ppgcc-m05,ppgcc-m02
60,pod-03-97755bc7c,ppgcc-m02,ppgcc-m04
60,pod-04-58c4cc5f47,ppgcc-m04,ppgcc-m05
60,pod-06-555c9878f5,ppgcc-m03,ppgcc-m05
60,pod-07-57965589,ppgcc-m02,ppgcc-m04
60,pod-08-6c745c4f79,ppgcc-m04,ppgcc-m05
60,pod-09-667477cb8f,ppgcc-m03,ppgcc-m05
60,pod-10-7bd5c6d47c,ppgcc-m05,ppgcc-m04
120,pod-07-57965589,ppgcc-m04,ppgcc-m05
120,pod-08-6c745c4f79,ppgcc-m05,ppgcc-m04
120,pod-09-667477cb8f,ppgcc-m05,ppgcc-m04
120,pod-10-7bd5c6d47c,ppgcc-m04,ppgcc-m05
180,pod-06-555c9878f5,ppgcc-m05,ppgcc-m04
180,pod-07-57965589,ppgcc-m05,ppgcc-m04
180,pod-08-6c745c4f79,ppgcc-m04,ppgcc-m05
180,pod-09-667477cb8f,ppgcc-m04,ppgcc-m05
240,pod-06-555c9878f5,ppgcc-m04,ppgcc-m05
240,pod-08-6c745c4f79,ppgcc-m05,ppgcc-m04
240,pod-10-7bd5c6d47c,ppgcc-m05,ppgcc-m04
300,pod-07-57965589,ppgcc-m04,ppgcc-m05
360,pod-06-555c9878f5,ppgcc-m05,ppgcc-m04
420,pod-06-555c9878f5,ppgcc-m04,ppgcc-m05
420,pod-07-57965589,ppgcc-m05,ppgcc-m04
420,pod-09-667477cb8f,ppgcc-m05,ppgcc-m04
420,pod-10-7bd5c6d47c,ppgcc-m04,ppgcc-m05
480,pod-06-555c9878f5,ppgcc-m05,ppgcc-m04
480,pod-07-57965589,ppgcc-m04,ppgcc-m05
540,pod-10-7bd5c6d47c,ppgcc-m05,ppgcc-m04
600,pod-08-6c745c4f79,ppgcc-m04,ppgcc-m05
