60,pod-01-5ddf9c6845,ppgcc-m05,ppgcc-m04
60,pod-04-58c4cc5f47,ppgcc-m04,ppgcc-m05
60,pod-05-8f5668c6f,ppgcc-m05,ppgcc-m04
60,pod-06-555c9878f5,ppgcc-m03,ppgcc-m05
60,pod-08-6c745c4f79,ppgcc-m04,ppgcc-m02
60,pod-10-7bd5c6d47c,ppgcc-m05,ppgcc-m04
60,pod-11-7b4cc5f9d7,ppgcc-m04,ppgcc-m05
60,pod-12-547dfb86c7,ppgcc-m02,ppgcc-m05
60,pod-13-54f864dc6c,ppgcc-m02,ppgcc-m05
60,pod-14-748d744b89,ppgcc-m03,ppgcc-m04
60,pod-16-8458dd6b8f,ppgcc-m04,ppgcc-m03
60,pod-17-7955755d7f,ppgcc-m03,ppgcc-m04
60,pod-18-7c56888545,ppgcc-m04,ppgcc-m03
60,pod-19-c75c9b459,ppgcc-m05,ppgcc-m02
60,pod-20-867654fc67,ppgcc-m02,ppgcc-m03
60,pod-21-977bf5c4f,ppgcc-m05,ppgcc-m04
60,pod-23-5ccfb55465,ppgcc-m02,ppgcc-m03
60,pod-24-6db765669f,ppgcc-m04,ppgcc-m02
60,pod-25-ffbb88b57,ppgcc-m05,ppgcc-m04
60,pod-27-6c5d5b7585,ppgcc-m02,ppgcc-m05
60,pod-29-cd44c45c7,ppgcc-m03,ppgcc-m05
60,pod-30-54fc976bcc,ppgcc-m05,ppgcc-m02
60,pod-31-5764d9bd7f,ppgcc-m04,ppgcc-m03
60,pod-33-84bb9c5867,ppgcc-m02,ppgcc-m04
60,pod-34-856f664bf7,ppgcc-m03,ppgcc-m02
60,pod-36-85dd8d89bf,ppgcc-m04,ppgcc-m02
60,pod-37-6f48dbfbc,ppgcc-m03,ppgcc-m02
60,pod-38-59c87cff9c,ppgcc-m04,ppgcc-m03
60,pod-40-f9cf59c87,ppgcc-m02,ppgcc-m04
120,pod-01-5ddf9c6845,ppgcc-m04,ppgcc-m05
120,pod-04-58c4cc5f47,ppgcc-m05,ppgcc-m04
120,pod-05-8f5668c6f,ppgcc-m04,ppgcc-m05
120,pod-06-555c9878f5,ppgcc-m05,ppgcc-m03
120,pod-09-667477cb8f,ppgcc-m03,ppgcc-m04
120,pod-10-7bd5c6d47c,ppgcc-m04,ppgcc-m05
120,pod-11-7b4cc5f9d7,ppgcc-m05,ppgcc-m04
120,pod-12-547dfb86c7,ppgcc-m05,ppgcc-m02
120,pod-13-54f864dc6c,ppgcc-m05,ppgcc-m03
120,pod-14-748d744b89,ppgcc-m04,ppgcc-m03
120,pod-15-64d45dc56c,ppgcc-m05,ppgcc-m04
120,pod-16-8458dd6b8f,ppgcc-m03,ppgcc-m04
120,pod-18-7c56888545,ppgcc-m03,ppgcc-m05
120,pod-19-c75c9b459,ppgcc-m02,ppgcc-m03
120,pod-20-867654fc67,ppgcc-m03,ppgcc-m02
120,pod-21-977bf5c4f,ppgcc-m04,ppgcc-m03
120,pod-22-5d65b68bb7,ppgcc-m03,ppgcc-m05
120,pod-26-559bf89f9f,ppgcc-m03,ppgcc-m02
120,pod-28-57bf57479,ppgcc-m04,ppgcc-m03
120,pod-29-cd44c45c7,ppgcc-m05,ppgcc-m03
120,pod-30-54fc976bcc,ppgcc-m02,ppgcc-m04
120,pod-31-5764d9bd7f,ppgcc-m03,ppgcc-m04
120,pod-32-756784f9bf,ppgcc-m02,ppgcc-m05
120,pod-33-84bb9c5867,ppgcc-m04,ppgcc-m05
120,pod-34-856f664bf7,ppgcc-m02,ppgcc-m05
120,pod-35-5d6c4b9fbc,ppgcc-m05,ppgcc-m02
120,pod-37-6f48dbfbc,ppgcc-m02,ppgcc-m03
120,pod-38-59c87cff9c,ppgcc-m03,ppgcc-m05
120,pod-39-8959cf9c9,ppgcc-m05,ppgcc-m04
120,pod-40-f9cf59c87,ppgcc-m04,ppgcc-m02
180,pod-01-5ddf9c6845,ppgcc-m05,ppgcc-m04
180,pod-04-58c4cc5f47,ppgcc-m04,ppgcc-m05
180,pod-05-8f5668c6f,ppgcc-m05,ppgcc-m04
180,pod-07-57965589,ppgcc-m02,ppgcc-m05
180,pod-08-6c745c4f79,ppgcc-m02,ppgcc-m03
180,pod-09-667477cb8f,ppgcc-m04,ppgcc-m02
180,pod-11-7b4cc5f9d7,ppgcc-m04,ppgcc-m03
180,pod-16-8458dd6b8f,ppgcc-m04,ppgcc-m05
180,pod-17-7955755d7f,ppgcc-m04,ppgcc-m05
180,pod-18-7c56888545,ppgcc-m05,ppgcc-m04
180,pod-19-c75c9b459,ppgcc-m03,ppgcc-m02
180,pod-20-867654fc67,ppgcc-m02,ppgcc-m05
180,pod-22-5d65b68bb7,ppgcc-m05,ppgcc-m03
180,pod-23-5ccfb55465,ppgcc-m03,ppgcc-m04
180,pod-25-ffbb88b57,ppgcc-m04,ppgcc-m05
180,pod-27-6c5d5b7585,ppgcc-m05,ppgcc-m03
180,pod-28-57bf57479,ppgcc-m03,ppgcc-m05
180,pod-29-cd44c45c7,ppgcc-m03,ppgcc-m02
180,pod-32-756784f9bf,ppgcc-m05,ppgcc-m04
180,pod-33-84bb9c5867,ppgcc-m05,ppgcc-m04
180,pod-34-856f664bf7,ppgcc-m05,ppgcc-m04
180,pod-35-5d6c4b9fbc,ppgcc-m02,ppgcc-m05
180,pod-36-85dd8d89bf,ppgcc-m02,ppgcc-m03
180,pod-37-6f48dbfbc,ppgcc-m03,ppgcc-m05
180,pod-38-59c87cff9c,ppgcc-m05,ppgcc-m02
180,pod-39-8959cf9c9,ppgcc-m04,ppgcc-m02
240,pod-01-5ddf9c6845,ppgcc-m04,ppgcc-m03
240,pod-02-f7bb7f455,ppgcc-m03,ppgcc-m05
240,pod-06-555c9878f5,ppgcc-m03,ppgcc-m05
240,pod-07-57965589,ppgcc-m05,ppgcc-m03
240,pod-08-6c745c4f79,ppgcc-m03,ppgcc-m04
240,pod-11-7b4cc5f9d7,ppgcc-m03,ppgcc-m02
240,pod-12-547dfb86c7,ppgcc-m02,ppgcc-m04
240,pod-14-748d744b89,ppgcc-m03,ppgcc-m02
240,pod-15-64d45dc56c,ppgcc-m04,ppgcc-m05
240,pod-16-8458dd6b8f,ppgcc-m05,ppgcc-m04
240,pod-17-7955755d7f,ppgcc-m05,ppgcc-m04
240,pod-18-7c56888545,ppgcc-m04,ppgcc-m02
240,pod-19-c75c9b459,ppgcc-m02,ppgcc-m04
240,pod-20-867654fc67,ppgcc-m05,ppgcc-m03
240,pod-22-5d65b68bb7,ppgcc-m03,ppgcc-m02
240,pod-23-5ccfb55465,ppgcc-m04,ppgcc-m03
240,pod-24-6db765669f,ppgcc-m02,ppgcc-m05
240,pod-27-6c5d5b7585,ppgcc-m03,ppgcc-m05
240,pod-28-57bf57479,ppgcc-m05,ppgcc-m03
240,pod-29-cd44c45c7,ppgcc-m02,ppgcc-m04
240,pod-31-5764d9bd7f,ppgcc-m04,ppgcc-m02
240,pod-32-756784f9bf,ppgcc-m04,ppgcc-m05
240,pod-34-856f664bf7,ppgcc-m04,ppgcc-m02
240,pod-35-5d6c4b9fbc,ppgcc-m05,ppgcc-m02
240,pod-36-85dd8d89bf,ppgcc-m03,ppgcc-m05
240,pod-37-6f48dbfbc,ppgcc-m05,ppgcc-m04
240,pod-38-59c87cff9c,ppgcc-m02,ppgcc-m03
240,pod-39-8959cf9c9,ppgcc-m02,ppgcc-m03
240,pod-40-f9cf59c87,ppgcc-m02,ppgcc-m03
300,pod-01-5ddf9c6845,ppgcc-m03,ppgcc-m02
300,pod-02-f7bb7f455,ppgcc-m05,ppgcc-m03
300,pod-05-8f5668c6f,ppgcc-m04,ppgcc-m05
300,pod-06-555c9878f5,ppgcc-m05,ppgcc-m04
300,pod-07-57965589,ppgcc-m03,ppgcc-m04
300,pod-08-6c745c4f79,ppgcc-m04,ppgcc-m02
300,pod-09-667477cb8f,ppgcc-m02,ppgcc-m04
300,pod-10-7bd5c6d47c,ppgcc-m05,ppgcc-m03
300,pod-11-7b4cc5f9d7,ppgcc-m02,ppgcc-m03
300,pod-12-547dfb86c7,ppgcc-m04,ppgcc-m03
300,pod-13-54f864dc6c,ppgcc-m03,ppgcc-m05
300,pod-14-748d744b89,ppgcc-m02,ppgcc-m04
300,pod-15-64d45dc56c,ppgcc-m05,ppgcc-m02
300,pod-17-7955755d7f,ppgcc-m04,ppgcc-m03
300,pod-19-c75c9b459,ppgcc-m04,ppgcc-m02
300,pod-20-867654fc67,ppgcc-m03,ppgcc-m05
300,pod-22-5d65b68bb7,ppgcc-m02,ppgcc-m05
300,pod-23-5ccfb55465,ppgcc-m03,ppgcc-m04
300,pod-26-559bf89f9f,ppgcc-m02,ppgcc-m03
300,pod-27-6c5d5b7585,ppgcc-m05,ppgcc-m04
300,pod-28-57bf57479,ppgcc-m03,ppgcc-m04
300,pod-30-54fc976bcc,ppgcc-m04,ppgcc-m05
300,pod-31-5764d9bd7f,ppgcc-m02,ppgcc-m03
300,pod-33-84bb9c5867,ppgcc-m04,ppgcc-m05
300,pod-35-5d6c4b9fbc,ppgcc-m02,ppgcc-m03
300,pod-36-85dd8d89bf,ppgcc-m05,ppgcc-m04
300,pod-37-6f48dbfbc,ppgcc-m04,ppgcc-m03
300,pod-38-59c87cff9c,ppgcc-m03,ppgcc-m02
300,pod-39-8959cf9c9,ppgcc-m03,ppgcc-m02
300,pod-40-f9cf59c87,ppgcc-m03,ppgcc-m02
360,pod-01-5ddf9c6845,ppgcc-m02,ppgcc-m04
360,pod-02-f7bb7f455,ppgcc-m03,ppgcc-m05
360,pod-04-58c4cc5f47,ppgcc-m05,ppgcc-m03
360,pod-06-555c9878f5,ppgcc-m04,ppgcc-m03
360,pod-08-6c745c4f79,ppgcc-m02,ppgcc-m04
360,pod-09-667477cb8f,ppgcc-m04,ppgcc-m02
360,pod-10-7bd5c6d47c,ppgcc-m03,ppgcc-m02
360,pod-11-7b4cc5f9d7,ppgcc-m03,ppgcc-m05
360,pod-12-547dfb86c7,ppgcc-m03,ppgcc-m05
360,pod-13-54f864dc6c,ppgcc-m05,ppgcc-m04
360,pod-15-64d45dc56c,ppgcc-m02,ppgcc-m03
360,pod-16-8458dd6b8f,ppgcc-m04,ppgcc-m05
360,pod-17-7955755d7f,ppgcc-m03,ppgcc-m02
360,pod-18-7c56888545,ppgcc-m02,ppgcc-m05
360,pod-19-c75c9b459,ppgcc-m02,ppgcc-m03
360,pod-20-867654fc67,ppgcc-m05,ppgcc-m02
360,pod-21-977bf5c4f,ppgcc-m03,ppgcc-m04
360,pod-23-5ccfb55465,ppgcc-m04,ppgcc-m02
360,pod-24-6db765669f,ppgcc-m05,ppgcc-m04
360,pod-25-ffbb88b57,ppgcc-m05,ppgcc-m03
360,pod-27-6c5d5b7585,ppgcc-m04,ppgcc-m05
360,pod-28-57bf57479,ppgcc-m04,ppgcc-m02
360,pod-29-cd44c45c7,ppgcc-m04,ppgcc-m02
360,pod-30-54fc976bcc,ppgcc-m05,ppgcc-m04
360,pod-31-5764d9bd7f,ppgcc-m03,ppgcc-m05
360,pod-32-756784f9bf,ppgcc-m05,ppgcc-m03
360,pod-33-84bb9c5867,ppgcc-m05,ppgcc-m02
360,pod-34-856f664bf7,ppgcc-m02,ppgcc-m03
360,pod-35-5d6c4b9fbc,ppgcc-m03,ppgcc-m04
360,pod-36-85dd8d89bf,ppgcc-m04,ppgcc-m03
360,pod-39-8959cf9c9,ppgcc-m02,ppgcc-m04
360,pod-40-f9cf59c87,ppgcc-m02,ppgcc-m05
420,pod-01-5ddf9c6845,ppgcc-m04,ppgcc-m03
420,pod-04-58c4cc5f47,ppgcc-m03,ppgcc-m04
420,pod-06-555c9878f5,ppgcc-m03,ppgcc-m04
420,pod-07-57965589,ppgcc-m04,ppgcc-m05
420,pod-08-6c745c4f79,ppgcc-m04,ppgcc-m02
420,pod-10-7bd5c6d47c,ppgcc-m02,ppgcc-m04
420,pod-11-7b4cc5f9d7,ppgcc-m05,ppgcc-m03
420,pod-12-547dfb86c7,ppgcc-m05,ppgcc-m04
420,pod-13-54f864dc6c,ppgcc-m04,ppgcc-m05
420,pod-14-748d744b89,ppgcc-m04,ppgcc-m03
420,pod-15-64d45dc56c,ppgcc-m03,ppgcc-m04
420,pod-18-7c56888545,ppgcc-m05,ppgcc-m04
420,pod-19-c75c9b459,ppgcc-m03,ppgcc-m05
420,pod-20-867654fc67,ppgcc-m02,ppgcc-m03
420,pod-21-977bf5c4f,ppgcc-m04,ppgcc-m02
420,pod-22-5d65b68bb7,ppgcc-m05,ppgcc-m02
420,pod-25-ffbb88b57,ppgcc-m03,ppgcc-m04
420,pod-27-6c5d5b7585,ppgcc-m05,ppgcc-m03
420,pod-28-57bf57479,ppgcc-m02,ppgcc-m03
420,pod-29-cd44c45c7,ppgcc-m02,ppgcc-m03
420,pod-30-54fc976bcc,ppgcc-m04,ppgcc-m05
420,pod-32-756784f9bf,ppgcc-m03,ppgcc-m05
420,pod-33-84bb9c5867,ppgcc-m02,ppgcc-m03
420,pod-34-856f664bf7,ppgcc-m03,ppgcc-m02
420,pod-35-5d6c4b9fbc,ppgcc-m04,ppgcc-m02
420,pod-36-85dd8d89bf,ppgcc-m03,ppgcc-m04
420,pod-37-6f48dbfbc,ppgcc-m03,ppgcc-m05
420,pod-38-59c87cff9c,ppgcc-m02,ppgcc-m03
420,pod-39-8959cf9c9,ppgcc-m04,ppgcc-m02
420,pod-40-f9cf59c87,ppgcc-m05,ppgcc-m04
480,pod-02-f7bb7f455,ppgcc-m05,ppgcc-m04
480,pod-06-555c9878f5,ppgcc-m04,ppgcc-m02
480,pod-07-57965589,ppgcc-m05,ppgcc-m03
480,pod-09-667477cb8f,ppgcc-m02,ppgcc-m05
480,pod-11-7b4cc5f9d7,ppgcc-m03,ppgcc-m05
480,pod-12-547dfb86c7,ppgcc-m04,ppgcc-m02
480,pod-13-54f864dc6c,ppgcc-m05,ppgcc-m03
480,pod-14-748d744b89,ppgcc-m03,ppgcc-m04
480,pod-15-64d45dc56c,ppgcc-m04,ppgcc-m05
480,pod-16-8458dd6b8f,ppgcc-m05,ppgcc-m04
480,pod-17-7955755d7f,ppgcc-m02,ppgcc-m03
480,pod-18-7c56888545,ppgcc-m04,ppgcc-m03
480,pod-19-c75c9b459,ppgcc-m05,ppgcc-m03
480,pod-20-867654fc67,ppgcc-m03,ppgcc-m05
480,pod-21-977bf5c4f,ppgcc-m02,ppgcc-m03
480,pod-22-5d65b68bb7,ppgcc-m02,ppgcc-m04
480,pod-23-5ccfb55465,ppgcc-m02,ppgcc-m04
480,pod-24-6db765669f,ppgcc-m04,ppgcc-m02
480,pod-25-ffbb88b57,ppgcc-m04,ppgcc-m02
480,pod-26-559bf89f9f,ppgcc-m03,ppgcc-m02
480,pod-27-6c5d5b7585,ppgcc-m03,ppgcc-m05
480,pod-28-57bf57479,ppgcc-m03,ppgcc-m05
480,pod-29-cd44c45c7,ppgcc-m03,ppgcc-m02
480,pod-30-54fc976bcc,ppgcc-m05,ppgcc-m02
480,pod-33-84bb9c5867,ppgcc-m03,ppgcc-m04
480,pod-34-856f664bf7,ppgcc-m02,ppgcc-m04
480,pod-35-5d6c4b9fbc,ppgcc-m02,ppgcc-m03
480,pod-36-85dd8d89bf,ppgcc-m04,ppgcc-m03
480,pod-37-6f48dbfbc,ppgcc-m05,ppgcc-m04
480,pod-38-59c87cff9c,ppgcc-m03,ppgcc-m02
480,pod-39-8959cf9c9,ppgcc-m02,ppgcc-m03
480,pod-40-f9cf59c87,ppgcc-m04,ppgcc-m05
540,pod-06-555c9878f5,ppgcc-m02,ppgcc-m03
540,pod-07-57965589,ppgcc-m03,ppgcc-m05
540,pod-09-667477cb8f,ppgcc-m05,ppgcc-m04
540,pod-10-7bd5c6d47c,ppgcc-m04,ppgcc-m03
540,pod-13-54f864dc6c,ppgcc-m03,ppgcc-m05
540,pod-14-748d744b89,ppgcc-m04,ppgcc-m03
540,pod-15-64d45dc56c,ppgcc-m05,ppgcc-m02
540,pod-17-7955755d7f,ppgcc-m03,ppgcc-m05
540,pod-18-7c56888545,ppgcc-m03,ppgcc-m02
540,pod-20-867654fc67,ppgcc-m05,ppgcc-m04
540,pod-22-5d65b68bb7,ppgcc-m04,ppgcc-m05
540,pod-23-5ccfb55465,ppgcc-m04,ppgcc-m03
540,pod-27-6c5d5b7585,ppgcc-m05,ppgcc-m02
540,pod-29-cd44c45c7,ppgcc-m02,ppgcc-m03
540,pod-30-54fc976bcc,ppgcc-m02,ppgcc-m05
540,pod-31-5764d9bd7f,ppgcc-m05,ppgcc-m04
540,pod-32-756784f9bf,ppgcc-m05,ppgcc-m03
540,pod-33-84bb9c5867,ppgcc-m04,ppgcc-m05
540,pod-35-5d6c4b9fbc,ppgcc-m03,ppgcc-m04
540,pod-36-85dd8d89bf,ppgcc-m03,ppgcc-m04
540,pod-37-6f48dbfbc,ppgcc-m04,ppgcc-m03
540,pod-39-8959cf9c9,ppgcc-m03,ppgcc-m04
600,pod-01-5ddf9c6845,ppgcc-m03,ppgcc-m02
600,pod-02-f7bb7f455,ppgcc-m04,ppgcc-m05
600,pod-03-97755bc7c,ppgcc-m02,ppgcc-m03
600,pod-05-8f5668c6f,ppgcc-m05,ppgcc-m04
600,pod-06-555c9878f5,ppgcc-m03,ppgcc-m05
600,pod-07-57965589,ppgcc-m05,ppgcc-m03
600,pod-08-6c745c4f79,ppgcc-m02,ppgcc-m03
600,pod-10-7bd5c6d47c,ppgcc-m03,ppgcc-m05
600,pod-11-7b4cc5f9d7,ppgcc-m05,ppgcc-m02
600,pod-12-547dfb86c7,ppgcc-m02,ppgcc-m05
600,pod-13-54f864dc6c,ppgcc-m05,ppgcc-m03
600,pod-20-867654fc67,ppgcc-m04,ppgcc-m02
600,pod-21-977bf5c4f,ppgcc-m03,ppgcc-m04
600,pod-25-ffbb88b57,ppgcc-m02,ppgcc-m05
600,pod-26-559bf89f9f,ppgcc-m02,ppgcc-m04
600,pod-27-6c5d5b7585,ppgcc-m02,ppgcc-m03
600,pod-29-cd44c45c7,ppgcc-m03,ppgcc-m04
600,pod-30-54fc976bcc,ppgcc-m05,ppgcc-m04
600,pod-31-5764d9bd7f,ppgcc-m04,ppgcc-m02
600,pod-32-756784f9bf,ppgcc-m03,ppgcc-m05
600,pod-33-84bb9c5867,ppgcc-m05,ppgcc-m04
600,pod-34-856f664bf7,ppgcc-m04,ppgcc-m03
600,pod-35-5d6c4b9fbc,ppgcc-m04,ppgcc-m03
600,pod-36-85dd8d89bf,ppgcc-m04,ppgcc-m02
600,pod-37-6f48dbfbc,ppgcc-m03,ppgcc-m05
600,pod-40-f9cf59c87,ppgcc-m05,ppgcc-m02
