60,pod-02-b6f4d4b54,ppgcc-m03,ppgcc-m02
60,pod-06-69db74c8c4,ppgcc-m03,ppgcc-m02
60,pod-08-775946c9b4,ppgcc-m04,ppgcc-m02
60,pod-09-78bb4d6f6f,ppgcc-m03,ppgcc-m02
120,pod-06-69db74c8c4,ppgcc-m02,ppgcc-m05
120,pod-08-775946c9b4,ppgcc-m02,ppgcc-m04
120,pod-09-78bb4d6f6f,ppgcc-m02,ppgcc-m03
180,pod-04-5544fdc656,ppgcc-m04,ppgcc-m02
180,pod-08-775946c9b4,ppgcc-m04,ppgcc-m02
240,pod-08-775946c9b4,ppgcc-m02,ppgcc-m03
240,pod-11-79cf485c8b,ppgcc-m04,ppgcc-m05
300,pod-05-69684b4897,ppgcc-m05,ppgcc-m02
300,pod-06-69db74c8c4,ppgcc-m05,ppgcc-m02
300,pod-08-775946c9b4,ppgcc-m03,ppgcc-m04
360,pod-10-86777b7bf5,ppgcc-m05,ppgcc-m04
480,pod-08-775946c9b4,ppgcc-m04,ppgcc-m02
540,pod-01-f48659989,ppgcc-m05,ppgcc-m02
