60,pod-1-6d8fbc49f7,ppgcc-m04,ppgcc-m03
60,pod-10-86777b7bf5,ppgcc-m03,ppgcc-m05
60,pod-11-79cf485c8b,ppgcc-m02,ppgcc-m04
60,pod-14-6b8654999f,ppgcc-m05,ppgcc-m03
60,pod-15-546b745c9d,ppgcc-m03,ppgcc-m04
60,pod-16-768d5fc8b5,ppgcc-m02,ppgcc-m03
60,pod-18-6488b869b7,ppgcc-m03,ppgcc-m05
60,pod-20-7d6ddbcbc4,ppgcc-m02,ppgcc-m05
60,pod-4-587fdb6f76,ppgcc-m03,ppgcc-m05
60,pod-5-78fd9cdc45,ppgcc-m04,ppgcc-m05
60,pod-7-698f59f787,ppgcc-m02,ppgcc-m04
60,pod-8-597759c7cb,ppgcc-m04,ppgcc-m03
60,pod-9-8685b8869,ppgcc-m03,ppgcc-m04
120,pod-1-6d8fbc49f7,ppgcc-m03,ppgcc-m05
120,pod-11-79cf485c8b,ppgcc-m04,ppgcc-m05
120,pod-13-59487b4476,ppgcc-m04,ppgcc-m05
120,pod-14-6b8654999f,ppgcc-m03,ppgcc-m05
120,pod-15-546b745c9d,ppgcc-m04,ppgcc-m05
120,pod-16-768d5fc8b5,ppgcc-m03,ppgcc-m05
120,pod-19-5d4b5f6454,ppgcc-m04,ppgcc-m05
120,pod-3-76fcc67999,ppgcc-m05,ppgcc-m03
120,pod-6-5c65474b6,ppgcc-m05,ppgcc-m04
120,pod-7-698f59f787,ppgcc-m04,ppgcc-m05
120,pod-8-597759c7cb,ppgcc-m03,ppgcc-m05
120,pod-9-8685b8869,ppgcc-m04,ppgcc-m05
180,pod-3-76fcc67999,ppgcc-m03,ppgcc-m05
180,pod-4-587fdb6f76,ppgcc-m05,ppgcc-m03
180,pod-5-78fd9cdc45,ppgcc-m05,ppgcc-m04
180,pod-6-5c65474b6,ppgcc-m04,ppgcc-m05
240,pod-1-6d8fbc49f7,ppgcc-m05,ppgcc-m03
240,pod-11-79cf485c8b,ppgcc-m05,ppgcc-m04
240,pod-12-575b584d85,ppgcc-m05,ppgcc-m04
240,pod-13-59487b4476,ppgcc-m05,ppgcc-m04
240,pod-15-546b745c9d,ppgcc-m05,ppgcc-m04
240,pod-19-5d4b5f6454,ppgcc-m05,ppgcc-m04
240,pod-3-76fcc67999,ppgcc-m05,ppgcc-m04
240,pod-4-587fdb6f76,ppgcc-m03,ppgcc-m04
240,pod-6-5c65474b6,ppgcc-m05,ppgcc-m04
240,pod-7-698f59f787,ppgcc-m05,ppgcc-m04
300,pod-1-6d8fbc49f7,ppgcc-m03,ppgcc-m04
300,pod-14-6b8654999f,ppgcc-m05,ppgcc-m04
300,pod-16-768d5fc8b5,ppgcc-m05,ppgcc-m04
300,pod-18-6488b869b7,ppgcc-m05,ppgcc-m04
300,pod-20-7d6ddbcbc4,ppgcc-m05,ppgcc-m04
300,pod-5-78fd9cdc45,ppgcc-m04,ppgcc-m03
300,pod-8-597759c7cb,ppgcc-m05,ppgcc-m04
360,pod-1-6d8fbc49f7,ppgcc-m04,ppgcc-m05
360,pod-10-86777b7bf5,ppgcc-m05,ppgcc-m04
360,pod-12-575b584d85,ppgcc-m04,ppgcc-m05
360,pod-13-59487b4476,ppgcc-m04,ppgcc-m05
360,pod-14-6b8654999f,ppgcc-m04,ppgcc-m05
360,pod-16-768d5fc8b5,ppgcc-m04,ppgcc-m05
360,pod-17-77d498555b,ppgcc-m05,ppgcc-m04
360,pod-18-6488b869b7,ppgcc-m04,ppgcc-m05
360,pod-19-5d4b5f6454,ppgcc-m04,ppgcc-m05
360,pod-20-7d6ddbcbc4,ppgcc-m04,ppgcc-m05
360,pod-3-76fcc67999,ppgcc-m04,ppgcc-m03
360,pod-4-587fdb6f76,ppgcc-m04,ppgcc-m05
360,pod-5-78fd9cdc45,ppgcc-m03,ppgcc-m05
360,pod-7-698f59f787,ppgcc-m04,ppgcc-m05
360,pod-8-597759c7cb,ppgcc-m04,ppgcc-m05
420,pod-10-86777b7bf5,ppgcc-m04,ppgcc-m05
420,pod-11-79cf485c8b,ppgcc-m04,ppgcc-m05
420,pod-15-546b745c9d,ppgcc-m04,ppgcc-m05
420,pod-17-77d498555b,ppgcc-m04,ppgcc-m05
420,pod-3-76fcc67999,ppgcc-m03,ppgcc-m05
420,pod-6-5c65474b6,ppgcc-m04,ppgcc-m03
420,pod-9-8685b8869,ppgcc-m05,ppgcc-m04
480,pod-1-6d8fbc49f7,ppgcc-m05,ppgcc-m03
480,pod-12-575b584d85,ppgcc-m05,ppgcc-m04
480,pod-14-6b8654999f,ppgcc-m05,ppgcc-m04
480,pod-18-6488b869b7,ppgcc-m05,ppgcc-m04
480,pod-19-5d4b5f6454,ppgcc-m05,ppgcc-m04
480,pod-20-7d6ddbcbc4,ppgcc-m05,ppgcc-m04
480,pod-4-587fdb6f76,ppgcc-m05,ppgcc-m04
480,pod-6-5c65474b6,ppgcc-m03,ppgcc-m05
480,pod-8-597759c7cb,ppgcc-m05,ppgcc-m04
480,pod-9-8685b8869,ppgcc-m04,ppgcc-m05
540,pod-1-6d8fbc49f7,ppgcc-m03,ppgcc-m05
540,pod-12-575b584d85,ppgcc-m04,ppgcc-m05
540,pod-13-59487b4476,ppgcc-m05,ppgcc-m04
540,pod-14-6b8654999f,ppgcc-m04,ppgcc-m05
540,pod-17-77d498555b,ppgcc-m05,ppgcc-m04
540,pod-18-6488b869b7,ppgcc-m04,ppgcc-m05
540,pod-19-5d4b5f6454,ppgcc-m04,ppgcc-m05
540,pod-20-7d6ddbcbc4,ppgcc-m04,ppgcc-m05
540,pod-3-76fcc67999,ppgcc-m05,ppgcc-m03
540,pod-4-587fdb6f76,ppgcc-m04,ppgcc-m05
540,pod-5-78fd9cdc45,ppgcc-m05,ppgcc-m04
540,pod-8-597759c7cb,ppgcc-m04,ppgcc-m05
600,pod-1-6d8fbc49f7,ppgcc-m05,ppgcc-m04
600,pod-11-79cf485c8b,ppgcc-m05,ppgcc-m04
600,pod-12-575b584d85,ppgcc-m05,ppgcc-m04
600,pod-14-6b8654999f,ppgcc-m05,ppgcc-m04
600,pod-18-6488b869b7,ppgcc-m05,ppgcc-m04
600,pod-19-5d4b5f6454,ppgcc-m05,ppgcc-m04
600,pod-20-7d6ddbcbc4,ppgcc-m05,ppgcc-m04
600,pod-3-76fcc67999,ppgcc-m03,ppgcc-m04
600,pod-4-587fdb6f76,ppgcc-m05,ppgcc-m04
600,pod-6-5c65474b6,ppgcc-m05,ppgcc-m03
600,pod-7-698f59f787,ppgcc-m05,ppgcc-m04
600,pod-8-597759c7cb,ppgcc-m05,ppgcc-m04
