180,pod-10-766c9bc88,ppgcc-m03,ppgcc-m04
180,pod-13-554b5fd777,ppgcc-m03,ppgcc-m02
180,pod-8-58ff48d46f,ppgcc-m03,ppgcc-m05
240,pod-11-5cff8c98cf,ppgcc-m05,ppgcc-m02
240,pod-14-75956894cb,ppgcc-m05,ppgcc-m03
240,pod-9-864df568b,ppgcc-m05,ppgcc-m04
300,pod-10-766c9bc88,ppgcc-m04,ppgcc-m03
300,pod-12-86b8588778,ppgcc-m04,ppgcc-m05
300,pod-13-554b5fd777,ppgcc-m02,ppgcc-m03
360,pod-11-5cff8c98cf,ppgcc-m02,ppgcc-m05
360,pod-6-6844766c,ppgcc-m02,ppgcc-m03
420,pod-10-766c9bc88,ppgcc-m03,ppgcc-m02
480,pod-11-5cff8c98cf,ppgcc-m05,ppgcc-m02
