60,pod-01-74ff4fbf9d,ppgcc-m02,ppgcc-m05
60,pod-03-bd7798484,ppgcc-m03,ppgcc-m05
60,pod-06-5d6bdcc59,ppgcc-m03,ppgcc-m04
60,pod-08-7dff8dfd57,ppgcc-m02,ppgcc-m04
120,pod-02-7b59579c95,ppgcc-m04,ppgcc-m05
120,pod-09-6d9cdfcfd,ppgcc-m04,ppgcc-m02
180,pod-01-74ff4fbf9d,ppgcc-m05,ppgcc-m04
180,pod-03-bd7798484,ppgcc-m05,ppgcc-m02
180,pod-04-59cfdb9d8f,ppgcc-m05,ppgcc-m03
240,pod-02-7b59579c95,ppgcc-m05,ppgcc-m02
240,pod-14-75956894cb,ppgcc-m05,ppgcc-m04
300,pod-01-74ff4fbf9d,ppgcc-m04,ppgcc-m05
300,pod-03-bd7798484,ppgcc-m02,ppgcc-m05
360,pod-02-7b59579c95,ppgcc-m02,ppgcc-m05
360,pod-04-59cfdb9d8f,ppgcc-m03,ppgcc-m05
420,pod-01-74ff4fbf9d,ppgcc-m05,ppgcc-m03
480,pod-03-bd7798484,ppgcc-m05,ppgcc-m02
480,pod-06-5d6bdcc59,ppgcc-m04,ppgcc-m03
600,pod-01-74ff4fbf9d,ppgcc-m03,ppgcc-m04
