60,pod-9-74976d75d8,ppgcc-m03,ppgcc-m04
120,pod-5-8cfcc8d96,ppgcc-m03,ppgcc-m04
180,pod-2-5f77b59d65,ppgcc-m03,ppgcc-m02
240,pod-6-7c58786f49,ppgcc-m02,ppgcc-m04
300,pod-4-78898d8c5,ppgcc-m02,ppgcc-m03
360,pod-4-78898d8c5,ppgcc-m03,ppgcc-m02
420,pod-4-78898d8c5,ppgcc-m02,ppgcc-m03
480,pod-4-78898d8c5,ppgcc-m03,ppgcc-m02
540,pod-4-78898d8c5,ppgcc-m02,ppgcc-m03
600,pod-4-78898d8c5,ppgcc-m03,ppgcc-m02
660,pod-4-78898d8c5,ppgcc-m02,ppgcc-m03
720,pod-4-78898d8c5,ppgcc-m03,ppgcc-m02
780,pod-4-78898d8c5,ppgcc-m02,ppgcc-m03
840,pod-4-78898d8c5,ppgcc-m03,ppgcc-m02
