60,pod-1-686554f64b,ppgcc-m05,ppgcc-m04
60,pod-10-766c9bc88,ppgcc-m02,ppgcc-m05
60,pod-11-5cff8c98cf,ppgcc-m04,ppgcc-m03
60,pod-12-86b8588778,ppgcc-m03,ppgcc-m04
60,pod-13-554b5fd777,ppgcc-m04,ppgcc-m05
60,pod-15-68655fdcc5,ppgcc-m05,ppgcc-m03
60,pod-16-d857cd774,ppgcc-m02,ppgcc-m04
60,pod-17-5787fb44c7,ppgcc-m04,ppgcc-m05
60,pod-18-5646f95788,ppgcc-m05,ppgcc-m04
60,pod-19-6944c7c6c,ppgcc-m03,ppgcc-m05
60,pod-20-f699ffd79,ppgcc-m05,ppgcc-m03
60,pod-3-67d44b9b,ppgcc-m04,ppgcc-m03
60,pod-4-796b9468d5,ppgcc-m03,ppgcc-m02
60,pod-7-dd6c9d8f6,ppgcc-m05,ppgcc-m02
60,pod-8-58ff48d46f,ppgcc-m03,ppgcc-m04
60,pod-9-864df568b,ppgcc-m04,ppgcc-m05
120,pod-1-686554f64b,ppgcc-m04,ppgcc-m05
120,pod-10-766c9bc88,ppgcc-m05,ppgcc-m04
120,pod-11-5cff8c98cf,ppgcc-m03,ppgcc-m05
120,pod-12-86b8588778,ppgcc-m04,ppgcc-m03
120,pod-14-75956894cb,ppgcc-m03,ppgcc-m04
120,pod-19-6944c7c6c,ppgcc-m05,ppgcc-m04
120,pod-3-67d44b9b,ppgcc-m03,ppgcc-m02
120,pod-4-796b9468d5,ppgcc-m02,ppgcc-m03
120,pod-6-6844766c,ppgcc-m02,ppgcc-m03
120,pod-7-dd6c9d8f6,ppgcc-m02,ppgcc-m05
120,pod-8-58ff48d46f,ppgcc-m04,ppgcc-m02
120,pod-9-864df568b,ppgcc-m05,ppgcc-m02
180,pod-1-686554f64b,ppgcc-m05,ppgcc-m02
180,pod-10-766c9bc88,ppgcc-m04,ppgcc-m03
180,pod-13-554b5fd777,ppgcc-m05,ppgcc-m02
180,pod-14-75956894cb,ppgcc-m04,ppgcc-m05
180,pod-15-68655fdcc5,ppgcc-m03,ppgcc-m05
180,pod-16-d857cd774,ppgcc-m04,ppgcc-m03
180,pod-17-5787fb44c7,ppgcc-m05,ppgcc-m02
180,pod-18-5646f95788,ppgcc-m04,ppgcc-m05
180,pod-19-6944c7c6c,ppgcc-m04,ppgcc-m03
180,pod-2-66b9c4cd7,ppgcc-m02,ppgcc-m04
180,pod-20-f699ffd79,ppgcc-m03,ppgcc-m05
180,pod-3-67d44b9b,ppgcc-m02,ppgcc-m03
180,pod-4-796b9468d5,ppgcc-m03,ppgcc-m04
180,pod-5-68bbcdc54b,ppgcc-m02,ppgcc-m04
180,pod-6-6844766c,ppgcc-m03,ppgcc-m02
180,pod-7-dd6c9d8f6,ppgcc-m05,ppgcc-m02
180,pod-8-58ff48d46f,ppgcc-m02,ppgcc-m04
180,pod-9-864df568b,ppgcc-m02,ppgcc-m04
240,pod-1-686554f64b,ppgcc-m02,ppgcc-m03
240,pod-10-766c9bc88,ppgcc-m03,ppgcc-m05
240,pod-11-5cff8c98cf,ppgcc-m05,ppgcc-m03
240,pod-12-86b8588778,ppgcc-m03,ppgcc-m02
240,pod-14-75956894cb,ppgcc-m05,ppgcc-m04
240,pod-16-d857cd774,ppgcc-m03,ppgcc-m02
240,pod-17-5787fb44c7,ppgcc-m02,ppgcc-m04
240,pod-18-5646f95788,ppgcc-m05,ppgcc-m02
240,pod-19-6944c7c6c,ppgcc-m03,ppgcc-m05
240,pod-2-66b9c4cd7,ppgcc-m04,ppgcc-m02
240,pod-20-f699ffd79,ppgcc-m05,ppgcc-m02
240,pod-3-67d44b9b,ppgcc-m03,ppgcc-m05
240,pod-4-796b9468d5,ppgcc-m04,ppgcc-m03
240,pod-5-68bbcdc54b,ppgcc-m04,ppgcc-m03
240,pod-6-6844766c,ppgcc-m02,ppgcc-m04
240,pod-7-dd6c9d8f6,ppgcc-m02,ppgcc-m05
240,pod-8-58ff48d46f,ppgcc-m04,ppgcc-m03
300,pod-10-766c9bc88,ppgcc-m05,ppgcc-m02
300,pod-12-86b8588778,ppgcc-m02,ppgcc-m04
300,pod-13-554b5fd777,ppgcc-m02,ppgcc-m05
300,pod-14-75956894cb,ppgcc-m04,ppgcc-m02
300,pod-15-68655fdcc5,ppgcc-m05,ppgcc-m03
300,pod-16-d857cd774,ppgcc-m02,ppgcc-m05
300,pod-17-5787fb44c7,ppgcc-m04,ppgcc-m05
300,pod-19-6944c7c6c,ppgcc-m05,ppgcc-m04
300,pod-2-66b9c4cd7,ppgcc-m02,ppgcc-m04
300,pod-20-f699ffd79,ppgcc-m02,ppgcc-m05
300,pod-3-67d44b9b,ppgcc-m05,ppgcc-m03
300,pod-4-796b9468d5,ppgcc-m03,ppgcc-m02
300,pod-5-68bbcdc54b,ppgcc-m03,ppgcc-m02
300,pod-7-dd6c9d8f6,ppgcc-m05,ppgcc-m03
300,pod-8-58ff48d46f,ppgcc-m03,ppgcc-m04
300,pod-9-864df568b,ppgcc-m04,ppgcc-m05
360,pod-1-686554f64b,ppgcc-m03,ppgcc-m02
360,pod-10-766c9bc88,ppgcc-m02,ppgcc-m05
360,pod-11-5cff8c98cf,ppgcc-m03,ppgcc-m02
360,pod-14-75956894cb,ppgcc-m02,ppgcc-m03
360,pod-15-68655fdcc5,ppgcc-m03,ppgcc-m04
360,pod-16-d857cd774,ppgcc-m05,ppgcc-m02
360,pod-17-5787fb44c7,ppgcc-m05,ppgcc-m04
360,pod-19-6944c7c6c,ppgcc-m04,ppgcc-m05
360,pod-20-f699ffd79,ppgcc-m05,ppgcc-m03
360,pod-4-796b9468d5,ppgcc-m02,ppgcc-m05
360,pod-5-68bbcdc54b,ppgcc-m02,ppgcc-m05
360,pod-6-6844766c,ppgcc-m04,ppgcc-m02
360,pod-9-864df568b,ppgcc-m05,ppgcc-m03
420,pod-1-686554f64b,ppgcc-m02,ppgcc-m04
420,pod-10-766c9bc88,ppgcc-m05,ppgcc-m04
420,pod-11-5cff8c98cf,ppgcc-m02,ppgcc-m03
420,pod-14-75956894cb,ppgcc-m03,ppgcc-m02
420,pod-15-68655fdcc5,ppgcc-m04,ppgcc-m03
420,pod-17-5787fb44c7,ppgcc-m04,ppgcc-m03
420,pod-19-6944c7c6c,ppgcc-m05,ppgcc-m03
420,pod-2-66b9c4cd7,ppgcc-m04,ppgcc-m02
420,pod-20-f699ffd79,ppgcc-m03,ppgcc-m05
420,pod-3-67d44b9b,ppgcc-m03,ppgcc-m04
420,pod-4-796b9468d5,ppgcc-m05,ppgcc-m04
420,pod-6-6844766c,ppgcc-m02,ppgcc-m05
420,pod-8-58ff48d46f,ppgcc-m04,ppgcc-m05
420,pod-9-864df568b,ppgcc-m03,ppgcc-m02
480,pod-1-686554f64b,ppgcc-m04,ppgcc-m05
480,pod-10-766c9bc88,ppgcc-m04,ppgcc-m03
480,pod-11-5cff8c98cf,ppgcc-m03,ppgcc-m02
480,pod-15-68655fdcc5,ppgcc-m03,ppgcc-m02
480,pod-16-d857cd774,ppgcc-m02,ppgcc-m05
480,pod-19-6944c7c6c,ppgcc-m03,ppgcc-m04
480,pod-20-f699ffd79,ppgcc-m05,ppgcc-m03
480,pod-4-796b9468d5,ppgcc-m04,ppgcc-m05
480,pod-5-68bbcdc54b,ppgcc-m05,ppgcc-m04
480,pod-6-6844766c,ppgcc-m05,ppgcc-m03
480,pod-7-dd6c9d8f6,ppgcc-m03,ppgcc-m04
480,pod-8-58ff48d46f,ppgcc-m05,ppgcc-m03
480,pod-9-864df568b,ppgcc-m02,ppgcc-m05
540,pod-1-686554f64b,ppgcc-m05,ppgcc-m04
540,pod-10-766c9bc88,ppgcc-m03,ppgcc-m02
540,pod-11-5cff8c98cf,ppgcc-m02,ppgcc-m05
540,pod-12-86b8588778,ppgcc-m04,ppgcc-m03
540,pod-14-75956894cb,ppgcc-m02,ppgcc-m03
540,pod-16-d857cd774,ppgcc-m05,ppgcc-m02
540,pod-17-5787fb44c7,ppgcc-m03,ppgcc-m02
540,pod-18-5646f95788,ppgcc-m02,ppgcc-m05
540,pod-19-6944c7c6c,ppgcc-m04,ppgcc-m02
540,pod-2-66b9c4cd7,ppgcc-m02,ppgcc-m05
540,pod-4-796b9468d5,ppgcc-m05,ppgcc-m03
540,pod-5-68bbcdc54b,ppgcc-m04,ppgcc-m05
540,pod-6-6844766c,ppgcc-m03,ppgcc-m04
540,pod-9-864df568b,ppgcc-m05,ppgcc-m04
600,pod-1-686554f64b,ppgcc-m04,ppgcc-m02
600,pod-13-554b5fd777,ppgcc-m05,ppgcc-m04
600,pod-15-68655fdcc5,ppgcc-m02,ppgcc-m03
600,pod-16-d857cd774,ppgcc-m02,ppgcc-m04
600,pod-17-5787fb44c7,ppgcc-m02,ppgcc-m04
600,pod-18-5646f95788,ppgcc-m05,ppgcc-m02
600,pod-19-6944c7c6c,ppgcc-m02,ppgcc-m04
600,pod-2-66b9c4cd7,ppgcc-m05,ppgcc-m03
600,pod-20-f699ffd79,ppgcc-m03,ppgcc-m05
600,pod-3-67d44b9b,ppgcc-m04,ppgcc-m05
600,pod-4-796b9468d5,ppgcc-m03,ppgcc-m05
600,pod-5-68bbcdc54b,ppgcc-m05,ppgcc-m03
600,pod-6-6844766c,ppgcc-m04,ppgcc-m02
600,pod-7-dd6c9d8f6,ppgcc-m04,ppgcc-m02
600,pod-8-58ff48d46f,ppgcc-m03,ppgcc-m05
