60,pod-1-7ddbbcf5f5,ppgcc-m05,ppgcc-m02
60,pod-10-667bcf6bf7,ppgcc-m02,ppgcc-m04
60,pod-11-7796c568bd,ppgcc-m04,ppgcc-m05
60,pod-13-64bddc6b98,ppgcc-m04,ppgcc-m02
60,pod-14-795c96c997,ppgcc-m03,ppgcc-m04
60,pod-16-cb97b489f,ppgcc-m02,ppgcc-m04
60,pod-18-67ff47667c,ppgcc-m04,ppgcc-m05
60,pod-2-5454574568,ppgcc-m02,ppgcc-m03
60,pod-20-68694bc48d,ppgcc-m05,ppgcc-m03
60,pod-3-68778b5769,ppgcc-m03,ppgcc-m04
60,pod-4-5bbb5f6654,ppgcc-m02,ppgcc-m05
60,pod-5-566bd576d7,ppgcc-m04,ppgcc-m05
60,pod-7-89dcd5557,ppgcc-m02,ppgcc-m03
120,pod-10-667bcf6bf7,ppgcc-m04,ppgcc-m02
120,pod-12-65d449467,ppgcc-m03,ppgcc-m05
120,pod-13-64bddc6b98,ppgcc-m02,ppgcc-m03
120,pod-14-795c96c997,ppgcc-m04,ppgcc-m05
120,pod-15-859fccbf56,ppgcc-m05,ppgcc-m04
120,pod-16-cb97b489f,ppgcc-m04,ppgcc-m02
120,pod-18-67ff47667c,ppgcc-m05,ppgcc-m04
120,pod-19-d66d55bf6,ppgcc-m05,ppgcc-m03
120,pod-2-5454574568,ppgcc-m03,ppgcc-m04
120,pod-20-68694bc48d,ppgcc-m03,ppgcc-m02
120,pod-3-68778b5769,ppgcc-m04,ppgcc-m03
120,pod-8-5d9dd98954,ppgcc-m05,ppgcc-m04
180,pod-10-667bcf6bf7,ppgcc-m02,ppgcc-m05
180,pod-11-7796c568bd,ppgcc-m05,ppgcc-m04
180,pod-12-65d449467,ppgcc-m05,ppgcc-m03
180,pod-13-64bddc6b98,ppgcc-m03,ppgcc-m02
180,pod-14-795c96c997,ppgcc-m05,ppgcc-m03
180,pod-16-cb97b489f,ppgcc-m02,ppgcc-m05
180,pod-17-7fc6cd6678,ppgcc-m03,ppgcc-m02
180,pod-18-67ff47667c,ppgcc-m04,ppgcc-m05
180,pod-2-5454574568,ppgcc-m04,ppgcc-m03
180,pod-20-68694bc48d,ppgcc-m02,ppgcc-m04
180,pod-3-68778b5769,ppgcc-m03,ppgcc-m04
180,pod-9-7446bb8df9,ppgcc-m03,ppgcc-m05
240,pod-10-667bcf6bf7,ppgcc-m05,ppgcc-m03
240,pod-11-7796c568bd,ppgcc-m04,ppgcc-m05
240,pod-12-65d449467,ppgcc-m03,ppgcc-m02
240,pod-13-64bddc6b98,ppgcc-m02,ppgcc-m04
240,pod-14-795c96c997,ppgcc-m03,ppgcc-m05
240,pod-15-859fccbf56,ppgcc-m04,ppgcc-m03
240,pod-16-cb97b489f,ppgcc-m05,ppgcc-m04
240,pod-17-7fc6cd6678,ppgcc-m02,ppgcc-m04
240,pod-18-67ff47667c,ppgcc-m05,ppgcc-m03
240,pod-19-d66d55bf6,ppgcc-m03,ppgcc-m05
240,pod-20-68694bc48d,ppgcc-m04,ppgcc-m05
240,pod-8-5d9dd98954,ppgcc-m04,ppgcc-m05
240,pod-9-7446bb8df9,ppgcc-m05,ppgcc-m04
300,pod-10-667bcf6bf7,ppgcc-m03,ppgcc-m05
300,pod-11-7796c568bd,ppgcc-m05,ppgcc-m04
300,pod-13-64bddc6b98,ppgcc-m04,ppgcc-m05
300,pod-14-795c96c997,ppgcc-m05,ppgcc-m03
300,pod-15-859fccbf56,ppgcc-m03,ppgcc-m02
300,pod-16-cb97b489f,ppgcc-m04,ppgcc-m03
300,pod-17-7fc6cd6678,ppgcc-m04,ppgcc-m03
300,pod-18-67ff47667c,ppgcc-m03,ppgcc-m02
300,pod-19-d66d55bf6,ppgcc-m05,ppgcc-m04
360,pod-10-667bcf6bf7,ppgcc-m05,ppgcc-m03
360,pod-11-7796c568bd,ppgcc-m04,ppgcc-m02
360,pod-13-64bddc6b98,ppgcc-m05,ppgcc-m04
360,pod-14-795c96c997,ppgcc-m03,ppgcc-m05
360,pod-15-859fccbf56,ppgcc-m02,ppgcc-m04
360,pod-17-7fc6cd6678,ppgcc-m03,ppgcc-m02
360,pod-18-67ff47667c,ppgcc-m02,ppgcc-m05
360,pod-8-5d9dd98954,ppgcc-m05,ppgcc-m04
360,pod-9-7446bb8df9,ppgcc-m04,ppgcc-m05
420,pod-10-667bcf6bf7,ppgcc-m03,ppgcc-m04
420,pod-11-7796c568bd,ppgcc-m02,ppgcc-m03
420,pod-13-64bddc6b98,ppgcc-m04,ppgcc-m05
420,pod-14-795c96c997,ppgcc-m05,ppgcc-m02
420,pod-15-859fccbf56,ppgcc-m04,ppgcc-m03
420,pod-16-cb97b489f,ppgcc-m03,ppgcc-m02
420,pod-17-7fc6cd6678,ppgcc-m02,ppgcc-m04
420,pod-19-d66d55bf6,ppgcc-m04,ppgcc-m05
420,pod-20-68694bc48d,ppgcc-m05,ppgcc-m02
