60,pod-5-6946b854dd,ppgcc-m03,ppgcc-m02
120,pod-2-87b6cbbd5,ppgcc-m03,ppgcc-m02
180,pod-5-6946b854dd,ppgcc-m02,ppgcc-m03
240,pod-4-8555788b47,ppgcc-m02,ppgcc-m03
300,pod-2-87b6cbbd5,ppgcc-m02,ppgcc-m03
360,pod-5-6946b854dd,ppgcc-m03,ppgcc-m02
420,pod-4-8555788b47,ppgcc-m03,ppgcc-m02
480,pod-2-87b6cbbd5,ppgcc-m03,ppgcc-m02
540,pod-5-6946b854dd,ppgcc-m02,ppgcc-m03
600,pod-4-8555788b47,ppgcc-m02,ppgcc-m03
660,pod-2-87b6cbbd5,ppgcc-m02,ppgcc-m03
720,pod-5-6946b854dd,ppgcc-m03,ppgcc-m02
780,pod-4-8555788b47,ppgcc-m03,ppgcc-m02
840,pod-2-87b6cbbd5,ppgcc-m03,ppgcc-m02
900,pod-5-6946b854dd,ppgcc-m02,ppgcc-m03
960,pod-4-8555788b47,ppgcc-m02,ppgcc-m03
1020,pod-2-87b6cbbd5,ppgcc-m02,ppgcc-m03
1080,pod-5-6946b854dd,ppgcc-m03,ppgcc-m02
1140,pod-4-8555788b47,ppgcc-m03,ppgcc-m02
1200,pod-2-87b6cbbd5,ppgcc-m03,ppgcc-m02
1260,pod-5-6946b854dd,ppgcc-m02,ppgcc-m03
1320,pod-4-8555788b47,ppgcc-m02,ppgcc-m03
