60,pod-02-7b59579c95,ppgcc-m02,ppgcc-m03
60,pod-03-bd7798484,ppgcc-m03,ppgcc-m04
60,pod-04-59cfdb9d8f,ppgcc-m02,ppgcc-m05
60,pod-05-87d75fc98,ppgcc-m03,ppgcc-m05
60,pod-06-5d6bdcc59,ppgcc-m05,ppgcc-m04
60,pod-08-7dff8dfd57,ppgcc-m02,ppgcc-m04
60,pod-09-6d9cdfcfd,ppgcc-m04,ppgcc-m02
60,pod-10-766c9bc88,ppgcc-m03,ppgcc-m05
60,pod-11-5cff8c98cf,ppgcc-m02,ppgcc-m03
60,pod-12-86b8588778,ppgcc-m04,ppgcc-m02
60,pod-15-68655fdcc5,ppgcc-m05,ppgcc-m04
60,pod-16-d857cd774,ppgcc-m04,ppgcc-m02
60,pod-18-5646f95788,ppgcc-m05,ppgcc-m03
60,pod-19-6944c7c6c,ppgcc-m04,ppgcc-m02
120,pod-06-5d6bdcc59,ppgcc-m04,ppgcc-m03
120,pod-07-769dc458d,ppgcc-m03,ppgcc-m04
120,pod-08-7dff8dfd57,ppgcc-m04,ppgcc-m05
120,pod-10-766c9bc88,ppgcc-m05,ppgcc-m04
120,pod-12-86b8588778,ppgcc-m02,ppgcc-m03
120,pod-13-554b5fd777,ppgcc-m05,ppgcc-m03
120,pod-14-75956894cb,ppgcc-m03,ppgcc-m04
120,pod-15-68655fdcc5,ppgcc-m04,ppgcc-m02
120,pod-16-d857cd774,ppgcc-m02,ppgcc-m05
120,pod-17-5787fb44c7,ppgcc-m04,ppgcc-m02
120,pod-18-5646f95788,ppgcc-m03,ppgcc-m04
120,pod-19-6944c7c6c,ppgcc-m02,ppgcc-m03
