60,pod-1-544979d8f6,ppgcc-m02,ppgcc-m04
60,pod-10-756b966866,ppgcc-m03,ppgcc-m04
60,pod-11-587f8f797c,ppgcc-m04,ppgcc-m03
60,pod-12-dc8d65d88,ppgcc-m02,ppgcc-m04
60,pod-2-87b6cbbd5,ppgcc-m03,ppgcc-m04
60,pod-4-8555788b47,ppgcc-m02,ppgcc-m03
60,pod-6-6d864fdf,ppgcc-m04,ppgcc-m02
60,pod-7-7966fbbd78,ppgcc-m02,ppgcc-m04
60,pod-8-644b95f9ff,ppgcc-m03,ppgcc-m04
120,pod-11-587f8f797c,ppgcc-m03,ppgcc-m04
120,pod-2-87b6cbbd5,ppgcc-m04,ppgcc-m03
120,pod-3-7dbb66778,ppgcc-m04,ppgcc-m03
120,pod-4-8555788b47,ppgcc-m03,ppgcc-m04
