60,pod-1-7ddbbcf5f5,ppgcc-m05,ppgcc-m03
60,pod-10-667bcf6bf7,ppgcc-m03,ppgcc-m04
60,pod-11-7796c568bd,ppgcc-m04,ppgcc-m05
60,pod-12-65d449467,ppgcc-m02,ppgcc-m05
60,pod-13-64bddc6b98,ppgcc-m03,ppgcc-m05
60,pod-14-795c96c997,ppgcc-m02,ppgcc-m04
60,pod-15-859fccbf56,ppgcc-m04,ppgcc-m05
60,pod-17-7fc6cd6678,ppgcc-m02,ppgcc-m04
60,pod-2-5454574568,ppgcc-m03,ppgcc-m02
60,pod-20-68694bc48d,ppgcc-m03,ppgcc-m05
60,pod-3-68778b5769,ppgcc-m04,ppgcc-m05
60,pod-4-5bbb5f6654,ppgcc-m05,ppgcc-m04
60,pod-5-566bd576d7,ppgcc-m02,ppgcc-m05
60,pod-7-89dcd5557,ppgcc-m03,ppgcc-m04
60,pod-8-5d9dd98954,ppgcc-m02,ppgcc-m04
120,pod-1-7ddbbcf5f5,ppgcc-m03,ppgcc-m02
120,pod-10-667bcf6bf7,ppgcc-m04,ppgcc-m05
120,pod-11-7796c568bd,ppgcc-m05,ppgcc-m03
120,pod-13-64bddc6b98,ppgcc-m05,ppgcc-m04
120,pod-14-795c96c997,ppgcc-m04,ppgcc-m02
120,pod-15-859fccbf56,ppgcc-m05,ppgcc-m04
120,pod-16-cb97b489f,ppgcc-m05,ppgcc-m04
120,pod-17-7fc6cd6678,ppgcc-m04,ppgcc-m03
120,pod-19-d66d55bf6,ppgcc-m05,ppgcc-m04
120,pod-2-5454574568,ppgcc-m02,ppgcc-m03
120,pod-20-68694bc48d,ppgcc-m05,ppgcc-m02
120,pod-3-68778b5769,ppgcc-m05,ppgcc-m04
120,pod-4-5bbb5f6654,ppgcc-m04,ppgcc-m05
120,pod-6-598fdcd564,ppgcc-m04,ppgcc-m03
120,pod-8-5d9dd98954,ppgcc-m04,ppgcc-m05
120,pod-9-7446bb8df9,ppgcc-m05,ppgcc-m02
180,pod-10-667bcf6bf7,ppgcc-m05,ppgcc-m03
180,pod-11-7796c568bd,ppgcc-m03,ppgcc-m04
180,pod-13-64bddc6b98,ppgcc-m04,ppgcc-m05
180,pod-14-795c96c997,ppgcc-m02,ppgcc-m04
180,pod-15-859fccbf56,ppgcc-m04,ppgcc-m05
180,pod-16-cb97b489f,ppgcc-m04,ppgcc-m03
180,pod-17-7fc6cd6678,ppgcc-m03,ppgcc-m02
180,pod-19-d66d55bf6,ppgcc-m04,ppgcc-m02
180,pod-6-598fdcd564,ppgcc-m03,ppgcc-m04
180,pod-7-89dcd5557,ppgcc-m04,ppgcc-m03
180,pod-8-5d9dd98954,ppgcc-m05,ppgcc-m03
240,pod-10-667bcf6bf7,ppgcc-m03,ppgcc-m02
240,pod-12-65d449467,ppgcc-m05,ppgcc-m03
240,pod-13-64bddc6b98,ppgcc-m05,ppgcc-m02
240,pod-17-7fc6cd6678,ppgcc-m02,ppgcc-m03
240,pod-19-d66d55bf6,ppgcc-m02,ppgcc-m05
240,pod-20-68694bc48d,ppgcc-m02,ppgcc-m04
240,pod-6-598fdcd564,ppgcc-m04,ppgcc-m03
240,pod-7-89dcd5557,ppgcc-m03,ppgcc-m04
240,pod-8-5d9dd98954,ppgcc-m03,ppgcc-m05
300,pod-10-667bcf6bf7,ppgcc-m02,ppgcc-m04
300,pod-11-7796c568bd,ppgcc-m04,ppgcc-m02
300,pod-12-65d449467,ppgcc-m03,ppgcc-m04
300,pod-14-795c96c997,ppgcc-m04,ppgcc-m05
300,pod-15-859fccbf56,ppgcc-m05,ppgcc-m04
300,pod-17-7fc6cd6678,ppgcc-m03,ppgcc-m04
300,pod-18-67ff47667c,ppgcc-m04,ppgcc-m02
300,pod-19-d66d55bf6,ppgcc-m05,ppgcc-m04
300,pod-20-68694bc48d,ppgcc-m04,ppgcc-m03
300,pod-5-566bd576d7,ppgcc-m05,ppgcc-m04
300,pod-6-598fdcd564,ppgcc-m03,ppgcc-m05
300,pod-7-89dcd5557,ppgcc-m04,ppgcc-m03
360,pod-10-667bcf6bf7,ppgcc-m04,ppgcc-m02
360,pod-11-7796c568bd,ppgcc-m02,ppgcc-m05
360,pod-12-65d449467,ppgcc-m04,ppgcc-m03
360,pod-13-64bddc6b98,ppgcc-m02,ppgcc-m04
360,pod-14-795c96c997,ppgcc-m05,ppgcc-m02
360,pod-15-859fccbf56,ppgcc-m04,ppgcc-m03
360,pod-16-cb97b489f,ppgcc-m03,ppgcc-m02
360,pod-17-7fc6cd6678,ppgcc-m04,ppgcc-m05
360,pod-18-67ff47667c,ppgcc-m02,ppgcc-m05
360,pod-5-566bd576d7,ppgcc-m04,ppgcc-m05
360,pod-6-598fdcd564,ppgcc-m05,ppgcc-m04
360,pod-8-5d9dd98954,ppgcc-m05,ppgcc-m04
360,pod-9-7446bb8df9,ppgcc-m02,ppgcc-m03
420,pod-10-667bcf6bf7,ppgcc-m02,ppgcc-m04
420,pod-15-859fccbf56,ppgcc-m03,ppgcc-m02
420,pod-16-cb97b489f,ppgcc-m02,ppgcc-m04
420,pod-17-7fc6cd6678,ppgcc-m05,ppgcc-m03
420,pod-19-d66d55bf6,ppgcc-m04,ppgcc-m02
420,pod-8-5d9dd98954,ppgcc-m04,ppgcc-m02
420,pod-9-7446bb8df9,ppgcc-m03,ppgcc-m05
480,pod-10-667bcf6bf7,ppgcc-m04,ppgcc-m05
480,pod-11-7796c568bd,ppgcc-m05,ppgcc-m03
480,pod-12-65d449467,ppgcc-m03,ppgcc-m05
480,pod-13-64bddc6b98,ppgcc-m04,ppgcc-m02
480,pod-14-795c96c997,ppgcc-m02,ppgcc-m04
480,pod-15-859fccbf56,ppgcc-m02,ppgcc-m05
480,pod-16-cb97b489f,ppgcc-m04,ppgcc-m02
480,pod-19-d66d55bf6,ppgcc-m02,ppgcc-m04
480,pod-7-89dcd5557,ppgcc-m03,ppgcc-m04
480,pod-8-5d9dd98954,ppgcc-m02,ppgcc-m03
480,pod-9-7446bb8df9,ppgcc-m05,ppgcc-m02
540,pod-12-65d449467,ppgcc-m05,ppgcc-m03
540,pod-15-859fccbf56,ppgcc-m05,ppgcc-m04
540,pod-19-d66d55bf6,ppgcc-m04,ppgcc-m05
540,pod-20-68694bc48d,ppgcc-m03,ppgcc-m04
540,pod-6-598fdcd564,ppgcc-m04,ppgcc-m03
540,pod-8-5d9dd98954,ppgcc-m03,ppgcc-m04
540,pod-9-7446bb8df9,ppgcc-m02,ppgcc-m05
600,pod-10-667bcf6bf7,ppgcc-m05,ppgcc-m04
600,pod-11-7796c568bd,ppgcc-m03,ppgcc-m05
600,pod-12-65d449467,ppgcc-m03,ppgcc-m02
600,pod-13-64bddc6b98,ppgcc-m02,ppgcc-m05
600,pod-18-67ff47667c,ppgcc-m05,ppgcc-m04
600,pod-19-d66d55bf6,ppgcc-m05,ppgcc-m03
600,pod-20-68694bc48d,ppgcc-m04,ppgcc-m02
600,pod-6-598fdcd564,ppgcc-m03,ppgcc-m04
600,pod-7-89dcd5557,ppgcc-m04,ppgcc-m03
600,pod-8-5d9dd98954,ppgcc-m04,ppgcc-m05
600,pod-9-7446bb8df9,ppgcc-m05,ppgcc-m03
660,pod-11-7796c568bd,ppgcc-m05,ppgcc-m03
660,pod-12-65d449467,ppgcc-m02,ppgcc-m05
660,pod-13-64bddc6b98,ppgcc-m05,ppgcc-m04
660,pod-14-795c96c997,ppgcc-m04,ppgcc-m03
660,pod-16-cb97b489f,ppgcc-m02,ppgcc-m03
660,pod-17-7fc6cd6678,ppgcc-m03,ppgcc-m05
660,pod-18-67ff47667c,ppgcc-m04,ppgcc-m03
660,pod-19-d66d55bf6,ppgcc-m03,ppgcc-m02
660,pod-20-68694bc48d,ppgcc-m02,ppgcc-m05
660,pod-8-5d9dd98954,ppgcc-m05,ppgcc-m02
660,pod-9-7446bb8df9,ppgcc-m03,ppgcc-m05
720,pod-10-667bcf6bf7,ppgcc-m04,ppgcc-m02
720,pod-11-7796c568bd,ppgcc-m03,ppgcc-m05
720,pod-12-65d449467,ppgcc-m05,ppgcc-m04
720,pod-13-64bddc6b98,ppgcc-m04,ppgcc-m03
720,pod-14-795c96c997,ppgcc-m03,ppgcc-m02
720,pod-15-859fccbf56,ppgcc-m04,ppgcc-m03
720,pod-16-cb97b489f,ppgcc-m03,ppgcc-m02
720,pod-18-67ff47667c,ppgcc-m03,ppgcc-m05
720,pod-19-d66d55bf6,ppgcc-m02,ppgcc-m04
720,pod-20-68694bc48d,ppgcc-m05,ppgcc-m04
720,pod-8-5d9dd98954,ppgcc-m02,ppgcc-m04
780,pod-10-667bcf6bf7,ppgcc-m02,ppgcc-m04
780,pod-12-65d449467,ppgcc-m04,ppgcc-m02
780,pod-14-795c96c997,ppgcc-m02,ppgcc-m04
780,pod-15-859fccbf56,ppgcc-m03,ppgcc-m05
780,pod-17-7fc6cd6678,ppgcc-m05,ppgcc-m02
780,pod-18-67ff47667c,ppgcc-m05,ppgcc-m03
780,pod-19-d66d55bf6,ppgcc-m04,ppgcc-m05
780,pod-8-5d9dd98954,ppgcc-m04,ppgcc-m05
780,pod-9-7446bb8df9,ppgcc-m05,ppgcc-m03
840,pod-10-667bcf6bf7,ppgcc-m04,ppgcc-m03
840,pod-11-7796c568bd,ppgcc-m05,ppgcc-m02
840,pod-12-65d449467,ppgcc-m02,ppgcc-m04
840,pod-13-64bddc6b98,ppgcc-m03,ppgcc-m02
840,pod-14-795c96c997,ppgcc-m04,ppgcc-m02
840,pod-15-859fccbf56,ppgcc-m05,ppgcc-m03
840,pod-16-cb97b489f,ppgcc-m02,ppgcc-m05
840,pod-17-7fc6cd6678,ppgcc-m02,ppgcc-m03
840,pod-18-67ff47667c,ppgcc-m03,ppgcc-m05
840,pod-19-d66d55bf6,ppgcc-m05,ppgcc-m04
840,pod-20-68694bc48d,ppgcc-m04,ppgcc-m02
840,pod-9-7446bb8df9,ppgcc-m03,ppgcc-m04
900,pod-10-667bcf6bf7,ppgcc-m03,ppgcc-m04
900,pod-12-65d449467,ppgcc-m04,ppgcc-m03
900,pod-13-64bddc6b98,ppgcc-m02,ppgcc-m05
900,pod-14-795c96c997,ppgcc-m02,ppgcc-m04
900,pod-15-859fccbf56,ppgcc-m03,ppgcc-m02
900,pod-18-67ff47667c,ppgcc-m05,ppgcc-m04
900,pod-19-d66d55bf6,ppgcc-m04,ppgcc-m02
900,pod-20-68694bc48d,ppgcc-m02,ppgcc-m05
900,pod-9-7446bb8df9,ppgcc-m04,ppgcc-m03
960,pod-11-7796c568bd,ppgcc-m02,ppgcc-m05
960,pod-13-64bddc6b98,ppgcc-m05,ppgcc-m04
960,pod-14-795c96c997,ppgcc-m04,ppgcc-m02
960,pod-15-859fccbf56,ppgcc-m02,ppgcc-m05
960,pod-16-cb97b489f,ppgcc-m05,ppgcc-m04
960,pod-17-7fc6cd6678,ppgcc-m03,ppgcc-m05
960,pod-18-67ff47667c,ppgcc-m04,ppgcc-m03
960,pod-20-68694bc48d,ppgcc-m05,ppgcc-m04
960,pod-9-7446bb8df9,ppgcc-m03,ppgcc-m02
1020,pod-10-667bcf6bf7,ppgcc-m04,ppgcc-m02
1020,pod-11-7796c568bd,ppgcc-m05,ppgcc-m04
1020,pod-13-64bddc6b98,ppgcc-m04,ppgcc-m02
1020,pod-16-cb97b489f,ppgcc-m04,ppgcc-m05
1020,pod-17-7fc6cd6678,ppgcc-m05,ppgcc-m03
1020,pod-18-67ff47667c,ppgcc-m03,ppgcc-m02
1020,pod-19-d66d55bf6,ppgcc-m02,ppgcc-m05
1020,pod-7-89dcd5557,ppgcc-m03,ppgcc-m05
1020,pod-8-5d9dd98954,ppgcc-m05,ppgcc-m03
1020,pod-9-7446bb8df9,ppgcc-m02,ppgcc-m04
1080,pod-10-667bcf6bf7,ppgcc-m02,ppgcc-m04
1080,pod-11-7796c568bd,ppgcc-m04,ppgcc-m03
1080,pod-12-65d449467,ppgcc-m03,ppgcc-m02
1080,pod-13-64bddc6b98,ppgcc-m02,ppgcc-m04
1080,pod-14-795c96c997,ppgcc-m02,ppgcc-m03
1080,pod-15-859fccbf56,ppgcc-m05,ppgcc-m04
1080,pod-17-7fc6cd6678,ppgcc-m03,ppgcc-m02
1080,pod-18-67ff47667c,ppgcc-m02,ppgcc-m03
1080,pod-19-d66d55bf6,ppgcc-m05,ppgcc-m02
1080,pod-9-7446bb8df9,ppgcc-m04,ppgcc-m02
1140,pod-10-667bcf6bf7,ppgcc-m04,ppgcc-m05
1140,pod-11-7796c568bd,ppgcc-m03,ppgcc-m02
1140,pod-12-65d449467,ppgcc-m02,ppgcc-m03
1140,pod-14-795c96c997,ppgcc-m03,ppgcc-m05
1140,pod-15-859fccbf56,ppgcc-m04,ppgcc-m02
1140,pod-16-cb97b489f,ppgcc-m05,ppgcc-m03
1140,pod-17-7fc6cd6678,ppgcc-m02,ppgcc-m05
1140,pod-19-d66d55bf6,ppgcc-m02,ppgcc-m04
1140,pod-7-89dcd5557,ppgcc-m05,ppgcc-m03
1140,pod-8-5d9dd98954,ppgcc-m03,ppgcc-m05
1140,pod-9-7446bb8df9,ppgcc-m02,ppgcc-m04
1200,pod-10-667bcf6bf7,ppgcc-m05,ppgcc-m04
1200,pod-11-7796c568bd,ppgcc-m02,ppgcc-m05
1200,pod-14-795c96c997,ppgcc-m05,ppgcc-m02
1200,pod-16-cb97b489f,ppgcc-m03,ppgcc-m04
1200,pod-17-7fc6cd6678,ppgcc-m05,ppgcc-m03
1200,pod-18-67ff47667c,ppgcc-m03,ppgcc-m05
1200,pod-19-d66d55bf6,ppgcc-m04,ppgcc-m02
1200,pod-20-68694bc48d,ppgcc-m04,ppgcc-m03
1200,pod-7-89dcd5557,ppgcc-m03,ppgcc-m05
1200,pod-8-5d9dd98954,ppgcc-m05,ppgcc-m03
1200,pod-9-7446bb8df9,ppgcc-m04,ppgcc-m02
1260,pod-10-667bcf6bf7,ppgcc-m04,ppgcc-m05
1260,pod-11-7796c568bd,ppgcc-m05,ppgcc-m03
1260,pod-12-65d449467,ppgcc-m03,ppgcc-m04
1260,pod-13-64bddc6b98,ppgcc-m04,ppgcc-m03
1260,pod-14-795c96c997,ppgcc-m02,ppgcc-m04
1260,pod-16-cb97b489f,ppgcc-m04,ppgcc-m05
1260,pod-17-7fc6cd6678,ppgcc-m03,ppgcc-m02
1260,pod-18-67ff47667c,ppgcc-m05,ppgcc-m02
1260,pod-19-d66d55bf6,ppgcc-m02,ppgcc-m03
1260,pod-20-68694bc48d,ppgcc-m03,ppgcc-m04
1260,pod-7-89dcd5557,ppgcc-m05,ppgcc-m03
1260,pod-8-5d9dd98954,ppgcc-m03,ppgcc-m05
1260,pod-9-7446bb8df9,ppgcc-m02,ppgcc-m04
1320,pod-10-667bcf6bf7,ppgcc-m05,ppgcc-m03
1320,pod-11-7796c568bd,ppgcc-m03,ppgcc-m05
1320,pod-13-64bddc6b98,ppgcc-m03,ppgcc-m02
1320,pod-14-795c96c997,ppgcc-m04,ppgcc-m02
1320,pod-15-859fccbf56,ppgcc-m02,ppgcc-m04
1320,pod-17-7fc6cd6678,ppgcc-m02,ppgcc-m03
1320,pod-18-67ff47667c,ppgcc-m02,ppgcc-m05
1320,pod-20-68694bc48d,ppgcc-m04,ppgcc-m02
1380,pod-10-667bcf6bf7,ppgcc-m03,ppgcc-m02
1380,pod-11-7796c568bd,ppgcc-m05,ppgcc-m03
1380,pod-12-65d449467,ppgcc-m04,ppgcc-m05
1380,pod-13-64bddc6b98,ppgcc-m02,ppgcc-m04
1380,pod-14-795c96c997,ppgcc-m02,ppgcc-m04
1380,pod-15-859fccbf56,ppgcc-m04,ppgcc-m02
1380,pod-20-68694bc48d,ppgcc-m02,ppgcc-m03
1440,pod-11-7796c568bd,ppgcc-m03,ppgcc-m05
1440,pod-12-65d449467,ppgcc-m05,ppgcc-m03
1440,pod-14-795c96c997,ppgcc-m04,ppgcc-m05
1440,pod-15-859fccbf56,ppgcc-m02,ppgcc-m03
1440,pod-17-7fc6cd6678,ppgcc-m03,ppgcc-m04
1440,pod-18-67ff47667c,ppgcc-m05,ppgcc-m03
1440,pod-19-d66d55bf6,ppgcc-m03,ppgcc-m02
1440,pod-20-68694bc48d,ppgcc-m03,ppgcc-m04
1500,pod-10-667bcf6bf7,ppgcc-m02,ppgcc-m03
1500,pod-11-7796c568bd,ppgcc-m05,ppgcc-m02
1500,pod-12-65d449467,ppgcc-m03,ppgcc-m05
1500,pod-13-64bddc6b98,ppgcc-m04,ppgcc-m03
1500,pod-14-795c96c997,ppgcc-m05,ppgcc-m02
1500,pod-15-859fccbf56,ppgcc-m03,ppgcc-m04
1500,pod-16-cb97b489f,ppgcc-m05,ppgcc-m04
1500,pod-17-7fc6cd6678,ppgcc-m04,ppgcc-m03
1500,pod-18-67ff47667c,ppgcc-m03,ppgcc-m02
1500,pod-19-d66d55bf6,ppgcc-m02,ppgcc-m05
1560,pod-10-667bcf6bf7,ppgcc-m03,ppgcc-m05
1560,pod-12-65d449467,ppgcc-m05,ppgcc-m03
1560,pod-13-64bddc6b98,ppgcc-m03,ppgcc-m04
1560,pod-16-cb97b489f,ppgcc-m04,ppgcc-m03
1560,pod-17-7fc6cd6678,ppgcc-m03,ppgcc-m02
1560,pod-18-67ff47667c,ppgcc-m02,ppgcc-m05
1560,pod-20-68694bc48d,ppgcc-m04,ppgcc-m03
